"","Estimate","Std..Error","t.value","Pr...t.."
"(Intercept)",-0.0135919535194666,0.32926162129755,-0.0412801026305576,0.967283208492144
"TreatmentProcedural Control",0.211827869235814,0.435572183115623,0.486320930139802,0.629461321605822
"TreatmentFull exclusion",1.11677710403271,0.435572183115623,2.56393118597351,0.0143167116413985
"NNutrient addition",0.0939038557261342,0.435572183115623,0.21558735696675,0.830432958942722
"TreatmentProcedural Control:NNutrient addition",0.496431218829303,0.593584829315361,0.836327335727034,0.408065966815797
"TreatmentFull exclusion:NNutrient addition",0.725448067416579,0.603289856725846,1.20248676374853,0.236425091261046
